{"Data": [{"Dense": [{"Year": "1995", "Dense": 180}, {"Year": "1994", "Dense": 50}, {"Year": "1993", "Dense": 42}, {"Year": "1992", "Dense": 33}, {"Year": "1996", "Dense": 124}, {"Year": "1997", "Dense": 157}, {"Year": "1998", "Dense": 246}, {"Year": "1991", "Dense": 36}, {"Year": "1999", "Dense": 454}, {"Year": "2000", "Dense": 442}, {"Year": "2001", "Dense": 594}, {"Year": "2002", "Dense": 601}, {"Year": "2003", "Dense": 767}, {"Year": "2004", "Dense": 914}, {"Year": "2005", "Dense": 839}, {"Year": "2006", "Dense": 702}, {"Year": "2007", "Dense": 860}, {"Year": "2008", "Dense": 1025}, {"Year": "2009", "Dense": 894}, {"Year": "2010", "Dense": 505}]}, {"Sparse": [{"Year": "1995", "Sparse": 888}, {"Year": "1994", "Sparse": 237}, {"Year": "1993", "Sparse": 174}, {"Year": "1992", "Sparse": 134}, {"Year": "1996", "Sparse": 525}, {"Year": "1997", "Sparse": 775}, {"Year": "1998", "Sparse": 1152}, {"Year": "1991", "Sparse": 119}, {"Year": "1999", "Sparse": 1737}, {"Year": "2000", "Sparse": 1749}, {"Year": "2001", "Sparse": 1884}, {"Year": "2002", "Sparse": 1873}, {"Year": "2003", "Sparse": 2218}, {"Year": "2004", "Sparse": 2380}, {"Year": "2005", "Sparse": 2369}, {"Year": "2006", "Sparse": 2163}, {"Year": "2007", "Sparse": 2551}, {"Year": "2008", "Sparse": 2906}, {"Year": "2009", "Sparse": 2669}, {"Year": "2010", "Sparse": 1612}]}]}